{"version":43,"hash":{"type":"Buffer","data":"APzbQBJs8YpuS/rUAM0XtEOpkUhRC+xegYnzF0ssRh4uT/sVKjF2ya8CJie9DmkBfeG1MwaAwR6TGis0GRKmeTdsX3NKOedHBVXHXTmzeODXxkmePax1C5xQ14lsQBShhm0Qnx6j2PqitHBmsW1pZhKBh03dhKfdVO+rshU2HA0="},"indexValueMap":{"CRzyRgtjxDXEjFFOdDL/ILq9WCAQQ0QfLhb7Tsa3Nwc=":{"valueMac":{"type":"Buffer","data":"kPRcgmh67GvMhtQZJYpogwKsGy8TeS9I8q3Z4Eeu3y8="}},"DZnyEa1ICctiapRN+O3BgWvIeH/YOfcpu8dtavw8XYQ=":{"valueMac":{"type":"Buffer","data":"ZNhwoNy3t1g6L+H/z/3u/cQQoEh6UC6+gf0Da50+gkE="}},"DlaC4wXlgLBk+CCNNxQwN3xys/5o03zIAX63be9VpyA=":{"valueMac":{"type":"Buffer","data":"snuzYQ99RZhj7qu/dB5JQHCneEa56bSJzKyh/GSR4Io="}},"EXI9Njcp+866ZGtsvJCSfccdG6J6QaQwHNpWFQUrAuM=":{"valueMac":{"type":"Buffer","data":"a238Bwcv1DV8rrrOxNwJmiQSt2CLtkaLfXw39h+tVuI="}},"EzsEivAGyl6YHf4PFihdlV90cfmehgMxDPkN/OUdies=":{"valueMac":{"type":"Buffer","data":"d1P9zvLxx7SzMuBP9g21qCbEnofvK1mkrBos7wSsNnM="}},"I6bOP3wnRfl351AZCSFBYTimMNI8taV/c/5snPDVrtA=":{"valueMac":{"type":"Buffer","data":"OkTzBfnTninFOZN1OQbk1ffjiITPBRlIcjcvCq16TFg="}},"J1e6mmYhNcKzjU5rrL4VHz2WFzfU28di6ksEQ/tko9k=":{"valueMac":{"type":"Buffer","data":"dIiudDpUv0syDdEyp8B5MF2V1nn1zgb4oQP7pTOK68g="}},"NQ6GqPN8zjHV4b7Qp4cC9iHcFA1BNH92YgNgw/gUW+8=":{"valueMac":{"type":"Buffer","data":"+RlS1SloKz3ORb6fFxPx+uB0n+XEkceRKuSkT7RmONM="}},"NleeSMndduG4G9whDG7rL/gu4ehweSIvBvqfPbk0ZGE=":{"valueMac":{"type":"Buffer","data":"C63e/OjJNfFDqaphtru57hMTyVjS9aZUkxPcHvyd+oM="}},"QWjkP4z05M8yCtNyNmWHWPxprGCtxUuOORbgUsUb328=":{"valueMac":{"type":"Buffer","data":"BkTQzOVl/bigyvQUj8lBYUeK5xmjlswl1DrlzNZYhAU="}},"SIp3ELLuF+GkDqwnWWgGyVRiH03ney0neqqdQzbpJus=":{"valueMac":{"type":"Buffer","data":"puda9gjzh8vyOmQkWes3Fbez3PdpUfdUKBDQmZEfLps="}},"TROF7U+DfFiQwXEyfFIUDg2ZLIoTYlWh59bjfWGsShM=":{"valueMac":{"type":"Buffer","data":"YXrAvSmbwOcyowdysMrdUcSWXDoerrS5wN43gWQJfIU="}},"WIZOYZgWFvl30XPSEQU4aqgqcO1ntI75+YvDx6ouTqw=":{"valueMac":{"type":"Buffer","data":"Casbj2a562k7aliP1h9VOq6m0FqsalK5r1hey0Y28cI="}},"XLsrIURt1ycnSwOyQdRxeytEB35QehefziVAioGduO0=":{"valueMac":{"type":"Buffer","data":"6P2ix/9taZ5K7qXV5HOOK+D8aMNnIflPw/gvrHN4YvM="}},"aGHAU2JwTYOyr3WwL7IJl3Kfn0n7QBI8X2psUYkqAzw=":{"valueMac":{"type":"Buffer","data":"8vg/Xf2Kohormz3vCCu0UeAyIqDWFt+3Y+ZEIh8OkfM="}},"bAYf6m+B77/fU1xKiwF6I0yGRWxEkWAlrsSVGUC+OLI=":{"valueMac":{"type":"Buffer","data":"FwpUvJzyYszKGPihWPkCj2fUz/WTRR29Vh9OZGUTueg="}},"bgreoDcDN0xmTf/kZBS31YfNMwo0+JeJsnicBrd5DmA=":{"valueMac":{"type":"Buffer","data":"x4aruoJmALllotrfehKLNN99UBLNwE0+CVVEOdq//xQ="}},"bpEl35HGdfpUA7WjPV6Ln7iASKGnDibAJnosMxUTleI=":{"valueMac":{"type":"Buffer","data":"cH9HXYxBumBipaL4qCaNlDHC1s2zSvQlhdsULkujRw4="}},"c+/y8wEJ7dUePRXN9XD+q7UT1ArbNkE2611ezXJ7TuI=":{"valueMac":{"type":"Buffer","data":"Q4+nu8tc7vZD2Tqs1LGbm292iuCTTHqmT4rbqa6eJ2U="}},"fELMGE6fCh2QZhh8qO4tz84+maoQ94amN/QK7zQvctQ=":{"valueMac":{"type":"Buffer","data":"O8yx5C0uGUd5SY+ZZjJZRCBf8grMM/fbwJ6yHDriePE="}},"jnxXMr3KU/PfIJjKgnLyULgi4EOpJt7N4HV0VJmM0X0=":{"valueMac":{"type":"Buffer","data":"2k+iP9YCRXTzRJ1uXpKWJWIxCVojrbGrTuuclfucgbs="}},"kjG5LBR6UTiWwR1CGkubEQQCHUkITtwm4NoUII8vMOg=":{"valueMac":{"type":"Buffer","data":"hVnuWaTm0TwDsXZEqcvJ+GhmH9h4RZ7m94KUz03HZ54="}},"lV+qo5caAddM2t4b5c3+nQe2fTSWIX+XhsIDavmplbY=":{"valueMac":{"type":"Buffer","data":"qxU5Y7Q/xKufBUJwDNomrITzPEgO/KcbRTiszUEq7JQ="}},"pJpc+i+lfa22pl7drF/mBzKXn1kVdFYf/byjKmayWyQ=":{"valueMac":{"type":"Buffer","data":"qYoDA12f52BcwuGWOy0VgakFw4Ro2UvP09pXjxsWpmQ="}},"pVkAC+DN+cm9T6xKeP/MFNH0BmurWVWsSxq7GIOJ1vI=":{"valueMac":{"type":"Buffer","data":"MoRQblPLCb11wQJKj3pgSfa9foENssuK/wfMrISyaKY="}},"pYOJubJOgNLJ69zHuAnZWmrvtV1PlhyaoEOIY8RUFL4=":{"valueMac":{"type":"Buffer","data":"y1LpmlrPSyxd3cjD3TOopPUUBaDE8+/ZcJVkySHludk="}},"pjI3rzowhhhuRyVfofJ5HHSM5J/ISmDF+JEwpgznmlg=":{"valueMac":{"type":"Buffer","data":"k+Oj9bH2WPM1qyNy2vlNTUDQZAn+oXFOstaoIw195kc="}},"u2fq1NeuruE6+n0Gx25DDwJYmYXkdnxLFcS8EHLD4ew=":{"valueMac":{"type":"Buffer","data":"FXmqKBiInspEgpVsTztQOLdJrmEjEyyhCxB6Rp1ljqE="}},"zgjtF/wzQC+r59XnzdjXeOURxu7gOICBpzq21Dm8TPY=":{"valueMac":{"type":"Buffer","data":"ZDPdbK4or5GQaZmuYbcZDqbCY4vz4Ty9VziMqhg2wUM="}},"3VvPRY+CLMu2pCu5qgdRIwSeWkt2m2QZ77hGMCPAZc8=":{"valueMac":{"type":"Buffer","data":"5poSUDDNC5rgshqtej9ZmzJAwCazPR/UgeDGZb0VDGY="}},"6LeQArJZU9F5mHLu5Uuh5UQuQqFO7gzXSQSibB3rcig=":{"valueMac":{"type":"Buffer","data":"XqxL0tfaCGF5JBLH7ks/BX3OLSb0m/zJTQksqjZqJ5U="}},"6rw4RrkIHWMKGwebgz5Szyk1BYTfIAbj4IVusMnl+vQ=":{"valueMac":{"type":"Buffer","data":"iTCrjMDHIk3seM8YIK6ut5BlhpbQ4BhwEX7MgvHCPY4="}},"62lPCxfZsq807cc5+CbQyKrdH9yQXuhHb3W5S4pR48g=":{"valueMac":{"type":"Buffer","data":"Mnle13vycHTraZvECFy2UDbEtVAjH4dJtNpDL0RBuNo="}},"86SvgxwO5SkM/v1Tkwg2S8bK75PK9flNmr7dgfvF39A=":{"valueMac":{"type":"Buffer","data":"UQ1maU8WLKnW4lqQ2gdN6NVFJR0X5JvD4uLxsxqngsk="}},"WXDaiopH5TCauklAatz5gW6myQN8VnhAt2IScNRCV18=":{"valueMac":{"type":"Buffer","data":"NyEHul87AfkkhA7s3claZGjrarTlZYyvoxZok7nEtH0="}}}}