{"version":45,"hash":{"type":"Buffer","data":"mL11sqrjIlh0Skx1ox1DqLHuGTGglYPoj8dKxv2mnCH2PxvsydDWrZwyT+cIlPoLWQdagthiNm+Xf5QdBQKvymJPBhPRuRra3REeeh56XL7vf+ThIEHSTA/ZnvPnNUGwLSpYu1Me9p5xj9TkdG5fwfIwqV6k0Bvs6iB73xi5kyA="},"indexValueMap":{"AC7MipgeO2PWDQ/Nv0q9nQLWigCXApzvmz/gKp8/TUw=":{"valueMac":{"type":"Buffer","data":"OcSZ/+DBZuzeXWFTUQbnHIYGsm8SE93i5noBNw0/z8Y="}},"AEh2B+E7wNVp0CGZOthB8+rnjJAOf9tSEmXjeCny54c=":{"valueMac":{"type":"Buffer","data":"cF+Q7A6iL8i/HnUufCdGPGMULomuwiauR0V1tlc+XdQ="}},"A54YhOjIMdg1c1hr0wA51U/PfrThgnhV5B3MD5viLjs=":{"valueMac":{"type":"Buffer","data":"hVckSXPAx8tuLC3S1pGN1X7EqTO+3baJbQXJ6yEp98Q="}},"B+grL2PCedqlMGtSKfymHjaZj4s2IeNKCliscfaHeQY=":{"valueMac":{"type":"Buffer","data":"H36m/iJqiGqmvjgg1XBCiosi8f70me0PXN/Q2Y4GCdQ="}},"CbaiueW/FFfYqDJ+yZ4BjTuyQZZCwuxLqazgnL4wrOg=":{"valueMac":{"type":"Buffer","data":"VfDUp3LVUlurFVVvsLcfWE1tFHoS1DyzXdrfhhBN63s="}},"DDOY9jf8p3Bl7+hEEr4Z4kYToOinUJYzQD6ZACvIc8s=":{"valueMac":{"type":"Buffer","data":"UgEs2p2OOdjvK20RLlaj2NlD0YK2QbJvBiq7P5vXZPQ="}},"EPqoufcyO2gLbgXfjYc2uR59B1r1T/Lj4TgOoq4cu4Q=":{"valueMac":{"type":"Buffer","data":"Suu3DcwJjajhsn/vTsp7FK6GylbsPeBUCzL9dlxPbY8="}},"FjE1Vbc6FXaB5nkMGN/vVavfELLA04o9baSdhWsuEMc=":{"valueMac":{"type":"Buffer","data":"G8qib2yL1LYshAAZuGR3MxOzVxONggoHmYP7nSBAHQE="}},"F7D6SCXZPCO68gVTy+/Ysy2hO1LS58V2P57QHHSJNY4=":{"valueMac":{"type":"Buffer","data":"x5yvbBDNLFdO+s5OjumK8Gve2xN8+LKgR3EGDYQ+47s="}},"GY8SukIk1N5lhmjfKggfs+jMMinMW4ZlbQqbH3GpdB8=":{"valueMac":{"type":"Buffer","data":"m1bD/VnWcv2Lsedk0mNZBI11KUb3sWoEDjMVEYVtFH4="}},"GbqTZ6hi9qMGs/ESj1kSW8WISSpEjwdXaGYPDNW0Uis=":{"valueMac":{"type":"Buffer","data":"5p8oGCEoTdiMbHzDrlInvXt+Kh0hxrwCdGRUU4qKxrs="}},"I9nWkvblD5Ggn7k0bn/d536lCYxGpx2l+vofRPs4nFs=":{"valueMac":{"type":"Buffer","data":"HH6He6m2MKg57Bp6OTi1wPfYba3p0BZ00TZ5/nVh7Ko="}},"J836AmfUWbzY9pC79oHqj13ZQJpY1ofSuONEtNsiRwQ=":{"valueMac":{"type":"Buffer","data":"9hsD4SWuKUSDoCLp+fpdPmA9frqFqGzvpMd2J9kuf6c="}},"KTdZOg34UXXtwPccuMM93vj2+LnwmsgceSRsyZumAPc=":{"valueMac":{"type":"Buffer","data":"kJ8DmeAZ0dqKASqV4r9NhDfTCe+kePdIR2MNppe/xps="}},"KbtIdR8wRaMGZ8F8B/x7MBuW8UnpsG4cNFJzj89xbts=":{"valueMac":{"type":"Buffer","data":"ydXXlQm/+d5e9zl/m/nVQjPjpSL6569lGqtgrPIKOOE="}},"K49aiAbWj+lCBrGieQITGhptr663l/fk+fUi0Y0/HrQ=":{"valueMac":{"type":"Buffer","data":"+RxHNasZ5FP8QaCLk3ZyVrysDpMpWHQQfHyfqEfuDgs="}},"LdauhCqH+EjYtUXszPlLdJGwiTA6uSLvFNBxcpBvy/w=":{"valueMac":{"type":"Buffer","data":"NCXOTJmt4tvLWz+glHaqMNo/nyXTNNTPh2xUFJ8/fnc="}},"M+LIcPJYerL1GJQ1A/WmkwkOVXb2ZPkT4YgDdjT1ivE=":{"valueMac":{"type":"Buffer","data":"qSo4fUK5SpZzP19gS5HsK+N2rYklfUZPPdPjxfVnynk="}},"NUZzBkMDrhu5gU5wCm0tc9Veu/ZzzFpFAnVvMxJxULg=":{"valueMac":{"type":"Buffer","data":"md02/C7EC7EyciJsmyewMj8HmvhN2DNQwiXsBWvISfY="}},"Ni7fmFDzQ8X4IaD8Xr/thd+BDI1Voa29Vw4wsFSjdy8=":{"valueMac":{"type":"Buffer","data":"N2N4G4oJCaxP9xHoHv5Wd0rQqrY0c+w0Lyywo29qKnA="}},"NzLSrFf1wGOx10/juQ8DPrbHDPefoRugBXw24Dz7t8k=":{"valueMac":{"type":"Buffer","data":"42QIx+t0KYQm9hl3nHuDrEeU5OQkyVpP/1aX8WzJeIs="}},"OM5kcDGPL2igEqfw+6uB8iLZzC9B07j6XRhhMO76TBE=":{"valueMac":{"type":"Buffer","data":"jtkMqd6TimaW/E022Enzte61xSzOmpZOVPvaV56WBqk="}},"Og6cUcP36EBk1tqsAGuXqAViRDr7LsAWHz5TxkJYrEQ=":{"valueMac":{"type":"Buffer","data":"bugWu+8vBI49q3a/JKl5C/7mkVhSEnuxsCp40/x56/s="}},"O0od/L1eIrREdtDJcos5lZiEfdNshIZmw+Zj+jDi6Aw=":{"valueMac":{"type":"Buffer","data":"E0XJkCwVYYeUsDgIyGVB9WxBQuNJD3oaxqSaMycby7k="}},"O+kR9dlNzCks1kUopCfOm6UQyMy26he7WzMsn3uusLk=":{"valueMac":{"type":"Buffer","data":"0TT7iQPniAIlvSJROXUW3Kv5MwxqPHHDMxg1za457Mw="}},"PSkOzuVOdgKylJ0QpOasm9nr6BATZLT2nC5e7gnc72g=":{"valueMac":{"type":"Buffer","data":"nKaHX+BEeTL7fpBlX/d1jcyTjUakIO8SSQ3c/KNqFgU="}},"PoahjLN5ZeDR0chuvjpWwAQcC05j3fkWJ4dHXtG+NC4=":{"valueMac":{"type":"Buffer","data":"JDB8g1iQ+TUByltqXZWbyuYw6sg4XWJSbeQ67Mibac4="}},"Pu3cqf+7Ppjs9xpp9aDGyg9czTcja0TQx5ouviTcisE=":{"valueMac":{"type":"Buffer","data":"5IfAW3mLVjAN32YFE9XyDF3E5r0oXQuXwxBOV6oqm1A="}},"QCcOeNB2tHADP4/8hbLcBWLxKBBlOfty/OGkwt035EM=":{"valueMac":{"type":"Buffer","data":"ALo5Mj+aU8VIjpRboQc6h0Zdq/cl5+jvYbSdYEBKWBk="}},"QsNJR7eMqMkpf8z1nQN+R/dRL21oR4SdeQju441TsBY=":{"valueMac":{"type":"Buffer","data":"27lvAE1yHYTQuxDMRhwV1mbWfFHXln8b1Wm2EPRfBnU="}},"R5hGIVDmbA55BHQwt2929uDZXWT7sJ5haI5PLC5BHFY=":{"valueMac":{"type":"Buffer","data":"Kn1JgCyOVJSnaEjIRlzT7kapxdqaZZtpYSmOgcFlQzs="}},"SlP9ygo31fugiE6fnqdqBzRczVwZoGbm+3/AlhoIgSU=":{"valueMac":{"type":"Buffer","data":"TyvRvgqDVuV5khkacjVtQUM8m2JHs499t8O4DSnwcwo="}},"U4nJRoiwp5rW3ox8ZzDV9a/WN6cyzSQwxKstbZA3hcI=":{"valueMac":{"type":"Buffer","data":"ofrC3CesXSkrwMqD7iRKhtJunsBYp9sY7a1OE1oOurI="}},"VsIE2TnmqHU1GU+CBi4lcP9yffJ7IeTgNDt8966H2lo=":{"valueMac":{"type":"Buffer","data":"NJrFmYPuhg+rxvITS9kNe3Yn7JZ7cGz0hdKxFv8jxAs="}},"V4AVRWrfdVty1h19rByJaIAB2Y60Oy2ra6N6QghFcq0=":{"valueMac":{"type":"Buffer","data":"pJvf5zuPINFJlFeECTmoYTvRI0nSi80nqwcyOG1htPI="}},"V98YwoGGXvLM32HE99FCNXZ+bAMxLlabFQIBc5DZFr4=":{"valueMac":{"type":"Buffer","data":"NaprToVx2mdikxI7SehOBPGLatkAD9iP1+MLnXyo/1E="}},"WtN+f2clKj2nlvQxa2gKTYDAP5u2YgMdCLQE0esqUEc=":{"valueMac":{"type":"Buffer","data":"4a2szORclPNPN6cL4aJ2zyyXD4Gtl9shiPCx/0S4+tQ="}},"W42i9JGmVeCXlAayN0tk2mB1gkrFAEpO8yu0/VDfg4w=":{"valueMac":{"type":"Buffer","data":"yorEUpUFoG2yM9cDUYTasm2a58OseZFefH40whiCo2o="}},"XA/sLtLYPK9ZjXel8enjGVWm1Aa5bmon+dTmikJnvlI=":{"valueMac":{"type":"Buffer","data":"e3VOdeAgu/er8z9xpUjNzaLGO6U5vz2JaRYo0Llgtmo="}},"XDSaA4mGDuRWGXBjcriSJsSwyhiN6oWeDE64QZfU7FE=":{"valueMac":{"type":"Buffer","data":"fftxZ9Q/Fxfw0WC6AacmSfVIUHWQsJo19ESHz7fz+PA="}},"XHlKqZsnqwM7w9avZaP3yDvssFEKWzOqVSAnA08z66w=":{"valueMac":{"type":"Buffer","data":"Zt2WAIUYcRzLx695LHaDyhzZWVQsi/RuaS1jiK52ZkE="}},"XUQwidE5V+ByR3MSG1UHTgeZ/wLH4A6jrfH8Y6lpX10=":{"valueMac":{"type":"Buffer","data":"KQOyDC69O6fV0P0x2GDOixHH4kq0X85zCUYqs3NmpCc="}},"ZRNED+xKyz7zL9FHwFqoOwxSDxQIhlQMYCF5w+VTPpc=":{"valueMac":{"type":"Buffer","data":"CIbHfDy/yPrc9QC12Iugf4KPbUr5+WIj4uEu8ypoqkg="}},"ZZ2xRO66WL/4tVuqkPsAdeG9Z3Qd8W/5q2em62hgncg=":{"valueMac":{"type":"Buffer","data":"/LVMWLevFyLbuUFB6NP5Px7t0sNkHVjNWASZa8lzNKk="}},"ZsLpXyWcIKuFk9eJNerNJOB4Lp39eN/JEQC3TzC3+ig=":{"valueMac":{"type":"Buffer","data":"lhAy4aA+j8IMgiKEjoE7qWVXSjoemf+9U/OzPeMvTSM="}},"aN65+nw91E//lo7ZrRpAje7S/GUgTh6eAJ0JZM/iIrA=":{"valueMac":{"type":"Buffer","data":"0gFbJGJfHUpDXt18uGmrz8sm78lpO5+Prh6c//pVQaI="}},"asf0Dwr8tDfSN+EMuzE9S4aO18zQIFD9kNgO4PRiP6o=":{"valueMac":{"type":"Buffer","data":"ji1l2fXNF+67BWC5y+Ab7ixw4qgGgY6Rm2IszZ8abuQ="}},"cItqAsECruaCmt/rdELCTFG9GDvsQwyP5IvuIoU5Lvg=":{"valueMac":{"type":"Buffer","data":"BOaJ0nU8y7DmuNBBJUg6NllhvP0rzhuMaWk5H5oiDVI="}},"cL7+OKIeSC8fAW5tbmm9+QBwGSmltSPMdba3e044Ze8=":{"valueMac":{"type":"Buffer","data":"Elhodvt8ziJQpSH4+gKgJEl463qLmmJjkKvxaOht+/4="}},"dHL0evAm9sPf5G4MchDrY5N1rulhhocOdk8NSncCpu8=":{"valueMac":{"type":"Buffer","data":"lANNMiyuucbTw08ouzy9mhm27b+szBYuRbSGnPofNiA="}},"dHXuqBj8o62o17QbitX9a0GFv4yy9H/zmtb/qt/4Nw0=":{"valueMac":{"type":"Buffer","data":"8DTHvzQw+SudyFbJYQVLx6dHSg7cby2apKtu67UL/24="}},"dzvf34E2Lv3RhleAZhfsu9qUwAfrv8mwa76oz0npW6M=":{"valueMac":{"type":"Buffer","data":"YqfSG1L2kOnga0G9m3LKkdU+uOzomZ7MSKj+0xmMnMg="}},"eDKud/SLh2s62uiIjXzzfii9GPJJyWgCMuWHJonio38=":{"valueMac":{"type":"Buffer","data":"vt/9/TfbnmlgeSVd75bCiArEGue6chHjVvze40G/ETg="}},"erMATF8uNJnP5OR5ib+A9bOvvG9LEaO8KtDoK7Hvm8Y=":{"valueMac":{"type":"Buffer","data":"yk7qx/KItPnIUkko8jkmjBQz+07qvVKPKQgx8hkF0hE="}},"fzr6lANGwTYNcV1eZybiLPFSNEVCy4PhSsMy//UiFl0=":{"valueMac":{"type":"Buffer","data":"QtDzNQLXYQBr6I9TXiZKEQ8wuh3ypuFN3rTIduc7Fk8="}},"hqzOySusiqidTk9xxGjds/l64K9kXBra8TLiwSZ45t0=":{"valueMac":{"type":"Buffer","data":"0Dj8aWN8cHXLjqU7hq2Awuya6P1KtqpRuXysGrPFDcI="}},"h+StwzgGYLsgKiiUXEsimTDF0HJGeic/B5iHP8A0v+g=":{"valueMac":{"type":"Buffer","data":"7Bp/zdvk9Ymg81RJ7GPM41bv9fET3F9UX893C3wQ03c="}},"ibk5cIusCfibsMQsC0dgd1RySB/MDMUCNbmzU1RfNSI=":{"valueMac":{"type":"Buffer","data":"CjEMkHlCeOXl3T2+E5hxezNQ/dme30m9kMlVIr+4ba4="}},"ib7Dd2Bkx+yAjuCyTJ9HXB/5uVOYRaZdwMCTA7dvs60=":{"valueMac":{"type":"Buffer","data":"Oc/LL1tsa0SziLEVhJVtAgSwlfRwWrAiADUC468ckXQ="}},"jDOmQaQfqpird3eAq6ndnNj4g9cavrLfqe8ve1NVrEA=":{"valueMac":{"type":"Buffer","data":"TJrv8aHaTdXbfMlV2sINS5I3UhrI/W3yqgOLLKDC0qI="}},"jmo+gebp8eiK/xaC/vqb8nBmNPMTkCZ37QKW0f/Y/q8=":{"valueMac":{"type":"Buffer","data":"x4Y8kN+temtBDZ6DMNYBpu6IigKzMJKxzVgFxp2ZKgw="}},"kDUMUdk0HjanZHTNLw+0mjqGo8fb3eqVuntnrLfa2bs=":{"valueMac":{"type":"Buffer","data":"o+PZQJV8hIGJI09VpqjNyy+4AVbbp1zIKOqlZhPXE4g="}},"kngIcizgcMBFFTBJcief8mVP7Wvi7CdDlyuXCdrbyu8=":{"valueMac":{"type":"Buffer","data":"EZmnhY8X2SXcIYvswDPC56HelXTN3mycEBcZ2OerodE="}},"kz21m7rq+K47ax504OO6TVkPfoSPDORyNA6VLvgwQTY=":{"valueMac":{"type":"Buffer","data":"9YJ+oWafGPdMQlbRrF9VLcfZEg5DWpkPiQpSS14VVFg="}},"ljYLVyFBhppdOm4eW1KC5bJ/78hV+scIvEdPi66Xra8=":{"valueMac":{"type":"Buffer","data":"QGZPP1ozC2kM0tn/0EQAzv3mfrOXlFtD6lwp5QxE0X4="}},"m4uP6OCRmFQ2dI47FaZT0QmJkjkgok4mkwVrVNjZuVE=":{"valueMac":{"type":"Buffer","data":"SQVPSggX96mVtNMcC3JX6q9O6GNRgpCenKGGUjSPPBc="}},"nh5KSYlwRmSArksg8jbGQgYA+LCSGHh3YiSej9BYxKg=":{"valueMac":{"type":"Buffer","data":"GEVA2UelnaeAQXdvNIGbcNGYU20Zxj69b1AFyNhPrc8="}},"ni6bTQd8yCI2SJyH98d6AVxWK0P9h93FoIiFs8vBZd4=":{"valueMac":{"type":"Buffer","data":"ZEPfHbUHTVRK4KvEWStwpsju7lNhAEi6unn18W2dcig="}},"oUINvmZGECkeQf5/I1cHKHEcozXVwJD01guc14Y8UKg=":{"valueMac":{"type":"Buffer","data":"1QHlrHtn2a7iEzbYPTyWJ3SBocC0qWBuTtk0k2TjpVM="}},"omE1pJ+KIqb7S6RjZst2ChyGBUqpfYM/SjBb15pos58=":{"valueMac":{"type":"Buffer","data":"Awy4ARKQXJ78uDDfUgpcD4K4j7p29tBIYTqDsUAyHts="}},"oxpTdeaTNgkmAFOXXGP5Q0yEpwAZAynGquuXJ0bgyyc=":{"valueMac":{"type":"Buffer","data":"ypfjjp5KpY3jHe/DhcPimVoMP0LnQv5a6bUlBKm8rgo="}},"pWR5UrXLO7OxxqFae9L2iCPzvdgM08qoAyRMsW4JiyY=":{"valueMac":{"type":"Buffer","data":"8/u1bXDgmv/A1hq7irzCjddMVZl08b8Q9ux72tb58/c="}},"qG5JqjJffsbRSYz69uKeiq33pjywlkkjSb3uT/8l1dE=":{"valueMac":{"type":"Buffer","data":"dEU2awX/LkHEKRLwoNXuY0p4d3x1IWT6P6uQaoH2UuU="}},"rHNEvvynpsaxDKv4/rrBHKV9QgH66CaG25UGSkhfNic=":{"valueMac":{"type":"Buffer","data":"BLH7SbiWAroSDLx26+YsGsFhDj2M7YYILjZhNBxucYY="}},"rfYOrSX7eL2SUtwnuU6hvzYZY3PzKxOC3LPvEh1hFKs=":{"valueMac":{"type":"Buffer","data":"qfZ3Qh0/NZiHH6I3op6/C5IyZRiZv1nhTbB8gX60+T8="}},"sSRfY+EDXt4W3UMmXi0cFBXkDcMAcZvzVbMYCbP/www=":{"valueMac":{"type":"Buffer","data":"1MX5/7iPezkaX7MwKD2j7ST0pGnFwNuNjL0YuLeCkr0="}},"tDg/OQg+HYTjvowLNSS9UHlIgmijtosRK5q4WQqKK2o=":{"valueMac":{"type":"Buffer","data":"YHjgdrEPwlM+vFWZFjUdMluLlN5p8eh1ZNSXfeiq+iE="}},"tuwRYhDE/ycAc7Iu5woeEVb5tCs4OPrG4sZJ/LD3emI=":{"valueMac":{"type":"Buffer","data":"uz7nWF4RecZZFUe+z0PvV09EJZreRUMP/CMDmvefA1I="}},"ulOkVoCiqHkW3ZpP/vr4EnBzE12avkuMja2kHLQ1S34=":{"valueMac":{"type":"Buffer","data":"Jv9DKWIgO8dvFst1Kftr9sqhFaYdp3LNRzghl6uwP1w="}},"uwxhCOMs9X/Ts7ETWfETw+AWMEZIc+riRVv/0oH/CnI=":{"valueMac":{"type":"Buffer","data":"yMCzpEnElsIDvkEYhpZpLf3SiM2ZWGtbTB4v/+GHGYU="}},"wQp4y15AAoWXThmyNHJjq4zAhyflP8wsh3PUunCmDzw=":{"valueMac":{"type":"Buffer","data":"B98Ew/qRkKwpRUZgKpqLbpf7DVq8n7hwDgMtcgp8YO0="}},"xGDoPL02JLDv/t0yhemwUGG1xXs90ivGUsJ8Uv1XyuI=":{"valueMac":{"type":"Buffer","data":"OGH6w3p0lanNn6kdB6WF6/tAZ1XSj3WydWW5jc8oJJM="}},"xVhAQjYmLmouZa8ZTsrMUePFujpZKB2/mX6hGAqRCZE=":{"valueMac":{"type":"Buffer","data":"42Gia6d5TtbX53uC3Chzb0Z+XoNNGbb9Anpj499Q1XU="}},"xdmR8AfsTyJ+/DngO43vrDxWdCJXOw8d8lNTDwmbFTc=":{"valueMac":{"type":"Buffer","data":"UFM0RJXBel4HsG2fQuPysKcBFAljgj9HQ+ZHz+trL5Q="}},"yQJhAZMG+uLt9KdDIh2MNz1d4fVjTjas8teJNHUo6G0=":{"valueMac":{"type":"Buffer","data":"iP6/ldfgxQ1mObfIKNZzMeupjQJmK9sitSUYf18Egsw="}},"yhKtLG7WXe/UF/jGk/pvcUsk/rTyD9hwi/Q0KjvQF3k=":{"valueMac":{"type":"Buffer","data":"gee7TKHwcp/95ZGXXT2JOq0qIWF+RSCemsKne7Ga2JE="}},"ykOgGi2daKOMpHVQdy+iYg3CzqAbMVhmhT1a6k1EfgI=":{"valueMac":{"type":"Buffer","data":"tpaR9OapBlNDJx/7huyRXPwIxxiAb5DYD2DhKwmvhpk="}},"y6QQAi13snmV5cyKn2YOWgkAZmQ1MafP+jG5osT0VXM=":{"valueMac":{"type":"Buffer","data":"v4YN3jyFc/bFzQYDmHwe4TVSw4XoP1UBmWtxLzHTe4c="}},"0sEg+b75J0eJYlgHlyYT6GmWBzqKpAQ5vn2mBwQZWXw=":{"valueMac":{"type":"Buffer","data":"UJ36BIi1ueBVmUd0T3hQFHY8kaPHMyKPwJsfQSusnDI="}},"1MZkj2ghtSlPIdgzB2iO4mxrzzZeFx8ON2h06oJ1HHQ=":{"valueMac":{"type":"Buffer","data":"toWMjQv2FQh4nF/d/yNNXs6ZX2R0KZuJKv5bL8SRJUA="}},"1NV9sr7hiJ2fvhuQfdfFKTokdPfG9AVuY8aGFjuml9I=":{"valueMac":{"type":"Buffer","data":"JDoVbk0PxQoV759GqEMCSKZeL6A6kn4VZnCVf3fW8cs="}},"13OAns5/WlDG1djLVsZxZ8SA+Ohf4PXEFFeQAeksruY=":{"valueMac":{"type":"Buffer","data":"A9YpmfB7jnGusLJnVURC/jN6DGJ1m65LuQygqRrg4cI="}},"2V38QoaIHh+fu8pAXIFJfPJ43h757Ye5IE4glZ4+I4o=":{"valueMac":{"type":"Buffer","data":"UCmfdvhCxyPbLtQPvCTV1v4Ef2RI92vOzueUakV26WQ="}},"3IRqxEMmbpKErUulWxx3Ldp0gRoAUYwJl33zhPr4BvM=":{"valueMac":{"type":"Buffer","data":"o0gMPstMg5lOoJ8gWoLcTU1LC8V3tP7g58PHDAG7nrM="}},"3QastFPbkiZGZrBnYmY/5jen96L3EJ6PWOry9vbu8ko=":{"valueMac":{"type":"Buffer","data":"48ruNRkjwHk0RYL39amzn4Z7CxTRyEoEreLMhu8lwwU="}},"3SJ+bDNtyCuGoRLpG3TOIDcFtiAp2EkULoTe7t1NWtU=":{"valueMac":{"type":"Buffer","data":"YvbBdE4fD/j5uR/BKl8KyVYwNt207YlTK4sS9/9KFMI="}},"3fzG76bMgLBONBkd9xC+nsJqAPCheiqRBQTrDRSiXOI=":{"valueMac":{"type":"Buffer","data":"OsIQdsjbt6Iy2ppVv/tf7lQFqxQaM8SfDJp4y9iILK8="}},"3y9rmmJCOZpeTTZhWLmK+34biEClcF26SgYlaGazYg4=":{"valueMac":{"type":"Buffer","data":"6zFc+sQccP80/nwoMA09w8Ob5LFzH7lyGiQB0I0xm5U="}},"8aLQi6t8WdZqT8yAhiEFWcNqMnOVp53ePFem6B7Mqlk=":{"valueMac":{"type":"Buffer","data":"bqqN8QmHILyWHc07MKPPUzeDhhUpxWTx+Zqn0dyxxWA="}},"9G1p3Tl2NDZZ0uKfShP2i8AwMtBq6WUOQsYATIa0KAA=":{"valueMac":{"type":"Buffer","data":"8SeNgXtgdjQTIsgWO7DjUhNq7f3wtESWmY05U4goTmI="}},"9sBvIUyomX4bCTbydj1g8P1uPAMuHKM0bmARg+uJ+Hw=":{"valueMac":{"type":"Buffer","data":"H8j+BdmcvMhtXB7kqwd1P+ttg9U54wEs3EPExnEd1qs="}},"+Uy3Is6btsmLghodqI6GcV+gwGO3hEHr7ByesRK7rbo=":{"valueMac":{"type":"Buffer","data":"Y2PQIs2aXw6WlkdPy/rj+NKgw+1NslW/nfHVEmqCHJ0="}},"+yMARelGJx8zIPcAmzLtejCB1V+3mKnDAPBRV2K19q8=":{"valueMac":{"type":"Buffer","data":"uH3xl6j0Yz+VoDVgIMyhL7VZI07utp88VdW6TbbhRww="}},"+9Lq1zX4dXhkMhbchA/sxvwoqoMFDj5xFfeKSCHXUHo=":{"valueMac":{"type":"Buffer","data":"H9GPTI+pbf05CHJlsVLpqHadzowxoZZFbQEZCvS1eEg="}},"HnDUY8Y6TfB8/f0pHK07Q4B55ZYkgnOuMODzVIoTEj0=":{"valueMac":{"type":"Buffer","data":"rnolteiFlm1zRKgTwHJF1esKtLaKurKtCAa9tpjEtEE="}},"bWndCbNr1tG3b1mdMZOVfMcEyEYwUXGJY5SKgIm94Zk=":{"valueMac":{"type":"Buffer","data":"8YcO+gkQ9A5effNC503A60vgctvu0MzSwJCBAmH4UlQ="}}}}