{"version":21,"hash":{"type":"Buffer","data":"BMfGm6bEaYC+aR4FO4GvUwST94A0Dha4hn4ves3kpkYX7FkJ934wKdeALG7UZM5xWjekUrQ2TysC+xsZrL7suqDYmCI1M3hcGW4NhV1rB1HjBQR5x3WLkWWnLy4JT9jPclGTkk5Y4KCxgJ/woP7Td+T7v8HjelsxNuppON5k31A="},"indexValueMap":{"LwJrS6j1Q06GesRu/slUftP8wul41vf4UMJ0S3hbx5I=":{"valueMac":{"type":"Buffer","data":"S7iUv3f6AhArd/S5VGekjAAPnABA/dBf2yJDd6rTe8k="}},"Nyq0rhk/rYk7ufC4NCX3C9v03WlGVk6Kt5DJtYhVE90=":{"valueMac":{"type":"Buffer","data":"H14J+bVv7KdlXS+WjH67jPOyEbKDWhF+cKsQry116OQ="}},"Vu3nBnka8oLv9cy6V1kpB8nbL22SYCooVW8XnRkqcbE=":{"valueMac":{"type":"Buffer","data":"8XKIUyJxVc9upXO5BlAi/0mwUXcC5LyqJNr7aoL2Xeg="}},"aVrSiXCTHMuXn2EoV1RN/z2sZynokdak9bSB2KbYTk0=":{"valueMac":{"type":"Buffer","data":"jJb1VvRCpQBYjvNU+fw9zQLvrm8y0qhS7xWa1B7c6GU="}},"iN51sEP1dYFHCjiIkh7tzLL/Orb8Zfq9rfQVG8qYwiI=":{"valueMac":{"type":"Buffer","data":"NM1lIS41EFlOyew+DvPZhG98or+8+3yYuZKdUBezmd8="}},"j1mifvcuAhUQpGT6gnYPBMy0dWMrDOfT4spx31rVrOw=":{"valueMac":{"type":"Buffer","data":"4GLKzM1hp9zvGQUvPE4n1aDAoSsVq/x4d62XOHi5DCE="}},"vPvVMX9sHE+4zGPVwGq2gKsCH+e0jnGrUW4DZ6JTBeo=":{"valueMac":{"type":"Buffer","data":"U4gTrfa7w3jIgtDqEio6brYf5AnSmgs8ssEeqf+twAw="}},"/AO7L4VTwfg5s++NOn99D1eenQTxSj8wWq2SPru4Kjg=":{"valueMac":{"type":"Buffer","data":"kRwT7tXJG2Hwt3ECfGI4PXeTMfNP22+PNZ9L9tCrWlc="}}}}