{"noiseKey":{"private":{"type":"Buffer","data":"EIimQlN5KC0cvy9IgiCxyVmHKpy/TgYt0taTzPdYnmk="},"public":{"type":"Buffer","data":"OvH46pUE6Gb6DzCkiifuSrNHOOdb14g6DuRVJQm8Dww="}},"pairingEphemeralKeyPair":{"private":{"type":"Buffer","data":"6Bmvyd5IjzKj1jYSRQVoozOQltXsuEWBGMmhKkNCTEs="},"public":{"type":"Buffer","data":"O20lR6HyJ1TWzTqnY5IlKrTTWGdQuzoPxvMNmHhzdgc="}},"signedIdentityKey":{"private":{"type":"Buffer","data":"YFpj4U/wKxBYGGaoGuH261skPY9cLkBdvYHx3mOENnE="},"public":{"type":"Buffer","data":"Z7UKxZUzULPJDOfAE765nKYs3hrD28LWv5OJQyqxgi8="}},"signedPreKey":{"keyPair":{"private":{"type":"Buffer","data":"GHgHJPnWl0FRy2BxbG6O3irTu9dYU6IaykL+iUy6MGc="},"public":{"type":"Buffer","data":"7lR065Q2402Dm3eUOIfBrMAiEabadqJIYZ3CcFcnjRo="}},"signature":{"type":"Buffer","data":"i9dtl3bfmxosnf6HXq/4J0DFRutNUN5p2DbAZPmqXxYUbrxFogIVz8KCIvbJ2yUohefBJ2k2vs+QsIVrCKa7Bg=="},"keyId":1},"registrationId":137,"advSecretKey":"QQDQUWpzJ4tMVW5HACxndwXN88uLe7WsO0yx+DiWqrc=","processedHistoryMessages":[{"key":{"remoteJid":"916909848191@s.whatsapp.net","fromMe":true,"id":"1371E29887427C85DC6B2B185876E711"},"messageTimestamp":1755079943},{"key":{"remoteJid":"916909848191@s.whatsapp.net","fromMe":true,"id":"C2160F9F0C618B27CF34B93C9D15CADE"},"messageTimestamp":1755079944},{"key":{"remoteJid":"916909848191@s.whatsapp.net","fromMe":true,"id":"D25812BEF3FCECDDF0ACA6CDF5FBFC83"},"messageTimestamp":1755079960}],"nextPreKeyId":31,"firstUnuploadedPreKeyId":31,"accountSyncCounter":1,"accountSettings":{"unarchiveChats":false},"registered":false,"account":{"details":"CM6Bk4oBEPrJ8cQGGBQgACgA","accountSignatureKey":"xMq5HvpJ4ug41JBd7Y1Km9oaeUF1OXwfMeldiPFXTG4=","accountSignature":"jQxEqxTbcLA+DMg3nCt9UMAHnZ2uzROcu05QmyzNdU50McfX90Sug6OdQLc7c8K99pZBRmP9iNg7DGsFoOZ2BA==","deviceSignature":"iRMsqrnxB/xpZy3tVlaF8IDAtk0S5JVcAscAQyv3nE0qrMIsLFbYhnv636GTGK1SG542ZcLTLo5gQE+XkkmgCQ=="},"me":{"id":"916909848191:79@s.whatsapp.net","lid":"159683193094184:79@lid","name":"Shubham"},"signalIdentities":[{"identifier":{"name":"916909848191:79@s.whatsapp.net","deviceId":0},"identifierKey":{"type":"Buffer","data":"BcTKuR76SeLoONSQXe2NSpvaGnlBdTl8HzHpXYjxV0xu"}}],"platform":"android","routingInfo":{"type":"Buffer","data":"CA0IBQ=="},"lastAccountSyncTimestamp":1755079976,"myAppStateKeyId":"AAAAACc3","lastPropHash":"2MFKPQ"}