{"_sessions":{"BctgIwh+5cJMjksgHWArryrQNgLsvRBhUmd+/gMt+X5x":{"registrationId":194,"currentRatchet":{"ephemeralKeyPair":{"pubKey":"BVgcJDv1EJSTIuF+wksMZWd5wS89uHyTPU0x5P87/WBL","privKey":"QFsP0yZDf6RBIxbZUcWtRTuNk0Og3Xwue9C5ALyqYGE="},"lastRemoteEphemeralKey":"BQ7CvTSWem3KNnpDnxdpcTMH04H/neCJtQja9z9G6OIe","previousCounter":0,"rootKey":"PeMPGCUJSEqz+pufRmcaYP66tSqFaFIx2keEDXGhpKw="},"indexInfo":{"baseKey":"BctgIwh+5cJMjksgHWArryrQNgLsvRBhUmd+/gMt+X5x","baseKeyType":1,"closed":-1,"used":1755079985919,"created":1755079985919,"remoteIdentityKey":"BQuK235n7AQqGze1rndoE7x+e9JBxYGtUSNhrZHvOhgT"},"_chains":{"BVgcJDv1EJSTIuF+wksMZWd5wS89uHyTPU0x5P87/WBL":{"chainKey":{"counter":0,"key":"bm1lLLhThGfKniRHgU3TeO3VxQgB9K9YDF+X4fjPGLY="},"chainType":1,"messageKeys":{}}},"pendingPreKey":{"signedKeyId":1,"baseKey":"BctgIwh+5cJMjksgHWArryrQNgLsvRBhUmd+/gMt+X5x","preKeyId":30}}},"version":"v1"}