{"_sessions":{"BZzgV3M/ONISy3d3n+HKTTd77KK97Mu3zPcRnNWkJk0G":{"registrationId":1388081814,"currentRatchet":{"ephemeralKeyPair":{"pubKey":"BQvIwrHmlp3DAI5fO7r4Q1pAfpeI5qKEcawAuRoi5XtK","privKey":"cNKd2NsoE/1FuNc3QU/JSKHWMd1RaqMvTXs4cDi7s1w="},"lastRemoteEphemeralKey":"BTgxNyLm74YCRu+mICrr1zcpuwPlA32Wjx8xJ/PdRoJk","previousCounter":0,"rootKey":"SNWGYgwLb6pfiEIWrmk7fFDdjHw6C/S22k+x3Hpd6N0="},"indexInfo":{"baseKey":"BZzgV3M/ONISy3d3n+HKTTd77KK97Mu3zPcRnNWkJk0G","baseKeyType":1,"closed":-1,"used":1755079985924,"created":1755079985924,"remoteIdentityKey":"BYkE84z31MKUxmfIDbLDwZo9SFFt3JEFd0hD4p9zU/cu"},"_chains":{"BQvIwrHmlp3DAI5fO7r4Q1pAfpeI5qKEcawAuRoi5XtK":{"chainKey":{"counter":0,"key":"ci9JDcWTN0X8hUxJ4mpNJDcscXJqGqqRiiPmn7akFpE="},"chainType":1,"messageKeys":{}}},"pendingPreKey":{"signedKeyId":1,"baseKey":"BZzgV3M/ONISy3d3n+HKTTd77KK97Mu3zPcRnNWkJk0G","preKeyId":718317}}},"version":"v1"}