{"_sessions":{"BeAyl7EgZ8Xw+iDeMPvoUQ/31bLLuLQoEY680IF9ZSpV":{"registrationId":667606275,"currentRatchet":{"ephemeralKeyPair":{"pubKey":"BRGhx9RgEFea2ZvGihLuOboEcBYVujDsLe+wMbs45UEU","privKey":"wH4x2hcaXY7rO1q0GFrwnjUo4s+hzEw/SKSEwuNw63A="},"lastRemoteEphemeralKey":"BYzYQ/ny0CpPAwD0XeKMMf1aNC2zpcyGn7u8VGuCBGdv","previousCounter":0,"rootKey":"Y5vbB45K2gmizhFQwIspwLdwXgsBqn/OmoAajZLn0VE="},"indexInfo":{"baseKey":"BeAyl7EgZ8Xw+iDeMPvoUQ/31bLLuLQoEY680IF9ZSpV","baseKeyType":1,"closed":-1,"used":1755079985915,"created":1755079985915,"remoteIdentityKey":"BbRriTpKaCW8NCEvru27IOBwbB/0A5H5LgwAvab1jkJw"},"_chains":{"BRGhx9RgEFea2ZvGihLuOboEcBYVujDsLe+wMbs45UEU":{"chainKey":{"counter":0,"key":"tNR/2afavT+wVwBAwpn8WK2g9g51vULLB7qgcupXagE="},"chainType":1,"messageKeys":{}}},"pendingPreKey":{"signedKeyId":2,"baseKey":"BeAyl7EgZ8Xw+iDeMPvoUQ/31bLLuLQoEY680IF9ZSpV","preKeyId":652}}},"version":"v1"}