{"_sessions":{"BXL4gwvPwbreEv+ATFYWjDAlvarvwLPfS9yHGUINBK8f":{"registrationId":212,"currentRatchet":{"ephemeralKeyPair":{"pubKey":"BRoMpaYpSdOKICoNpvy6T/0J4o2XYHmxBXPOpblbRwo7","privKey":"CEk9sITKYB4hnM5aZaRGdB08QHVT4Txj2CO5Qo8aIlo="},"lastRemoteEphemeralKey":"BUrl39qz7LsvkZGS/XIZmuZQaa7uYnmrl9Egktg3wQQT","previousCounter":0,"rootKey":"O/1sdlS7ti6CcLRS0k+TyOx3tPVmQ+JX/U/d13Fxumc="},"indexInfo":{"baseKey":"BXL4gwvPwbreEv+ATFYWjDAlvarvwLPfS9yHGUINBK8f","baseKeyType":1,"closed":-1,"used":1755079985907,"created":1755079985907,"remoteIdentityKey":"BUG875vXjUqdJ4HhMD9v+mDQHfXryIj/40h4ve9RXHp3"},"_chains":{"BRoMpaYpSdOKICoNpvy6T/0J4o2XYHmxBXPOpblbRwo7":{"chainKey":{"counter":0,"key":"TW4NF/lOXgcLsk+2LeiYVHN4bjZ8h9OTeIh+p7MAre0="},"chainType":1,"messageKeys":{}}},"pendingPreKey":{"signedKeyId":1,"baseKey":"BXL4gwvPwbreEv+ATFYWjDAlvarvwLPfS9yHGUINBK8f","preKeyId":5}}},"version":"v1"}