{"_sessions":{"BevWgAtO+yv+uAsTcghk9G9X/t2yQ9+NF7kzVA3wYLkm":{"registrationId":888820279,"currentRatchet":{"ephemeralKeyPair":{"pubKey":"Bcg8cIBVHsLpg0mMhDdspEIHAT+mCENLmEnwY7gSdZgf","privKey":"4PP3GpDcLFosBxjt6grOLYS+V/ifBu8uEZA4OXHIj1w="},"lastRemoteEphemeralKey":"BTfOvxEKAsWTZnnIwvULHNpsoPji7V/KqX6FABGuJUk6","previousCounter":0,"rootKey":"r9wBnglg1nwfDmSh/t8lWZ3cZuzLILKumzyIeVulb1U="},"indexInfo":{"baseKey":"BevWgAtO+yv+uAsTcghk9G9X/t2yQ9+NF7kzVA3wYLkm","baseKeyType":2,"closed":-1,"used":1755079943192,"created":1755079943192,"remoteIdentityKey":"BcTKuR76SeLoONSQXe2NSpvaGnlBdTl8HzHpXYjxV0xu"},"_chains":{"BTfOvxEKAsWTZnnIwvULHNpsoPji7V/KqX6FABGuJUk6":{"chainKey":{"counter":7,"key":"f9KfBd7q4pFgv401rWhqXk3343HQf3fo/RvSTNgOaw8="},"chainType":2,"messageKeys":{}},"Bcg8cIBVHsLpg0mMhDdspEIHAT+mCENLmEnwY7gSdZgf":{"chainKey":{"counter":0,"key":"mxLqro1uObfjC+QdSOs71h6LmAPx/XXp80epkFLtcbk="},"chainType":1,"messageKeys":{}}}}},"version":"v1"}